sku,avg_daily_demand,demand_std,lead_time_days,current_stock,unit_cost,service_level,safety_stock,reorder_point,recommended_order_qty,reorder_now,estimated_order_value
SKU-0132,31.421917808219177,7.856372904401,27,247,109.13,0.98,83.85025940122804,932.2420402231459,1152.0,True,125717.76
SKU-0060,32.96986301369863,7.9894622378051885,29,315,97.72,0.98,88.3724685689489,1044.4984959662092,1252.0,True,122345.44
SKU-0214,34.463013698630135,8.22932819499991,29,351,95.99,0.95,72.90029471751045,1072.3276919777843,1258.0,True,120755.42
SKU-0498,23.638356164383563,6.36358610058917,27,81,116.03,0.98,67.91789948737596,706.1535159257321,979.0,True,113593.37
SKU-0055,33.42739726027397,7.956151470975986,25,439,116.67,0.98,81.70967560692338,917.3946071137726,938.0,True,109436.46
SKU-0144,34.88219178082192,8.135179041670934,29,147,67.34,0.95,72.06626539428373,1083.6498270381194,1479.0,True,99595.86
SKU-0208,30.397260273972602,7.544628622053485,26,396,109.04,0.98,79.01780839592243,869.3465755192101,909.0,True,99117.36
SKU-0192,28.043835616438358,7.453021112888888,23,243,117.67,0.95,58.79794826724229,703.8061674453245,813.0,True,95665.71
SKU-0195,30.55890410958904,7.7068514475942225,21,257,110.87,0.98,72.54159068369357,714.2785769850634,815.0,True,90359.05
SKU-0340,32.11506849315069,8.03959417598468,27,409,85.7,0.95,68.71980386217392,935.8266531772424,995.0,True,85271.5
SKU-0188,33.087671232876716,7.923950778214822,20,188,92.09,0.9,45.430215001915606,707.1836396594499,873.0,True,80394.57
SKU-0267,30.838356164383562,7.502648435993604,25,563,114.4,0.95,61.70928338604739,832.6681874956364,687.0,True,78592.8
SKU-0014,22.063013698630137,6.211375306674138,25,24,90.24,0.9,39.814915715781225,591.3902581815347,864.0,True,77967.36
SKU-0067,29.443835616438356,7.688313278724071,17,111,104.57,0.98,65.11124075951133,565.6564462389634,738.0,True,77172.65999999999
SKU-0080,26.416438356164385,7.238613902943534,28,437,100.92,0.9,49.104631182344285,788.7649051549471,747.0,True,75387.24
SKU-0171,25.208219178082192,6.836025961100498,23,220,99.09,0.98,67.339216751975,647.1282578478654,751.0,True,74416.59
SKU-0147,18.75890410958904,5.901383606075316,19,52,119.46,0.98,52.83614040926119,409.25531849145295,562.0,True,67136.51999999999
SKU-0045,21.416438356164385,6.1797038785929095,25,173,92.31,0.98,63.465558833149174,598.8765177372588,726.0,True,67017.06
SKU-0476,21.526027397260275,6.182437625989226,28,54,68.47,0.98,67.19534660323409,669.9241137265218,951.0,True,65114.97
SKU-0155,22.884931506849316,6.540904078403705,26,300,98.87,0.9,42.75751723643312,637.7657364145153,657.0,True,64957.590000000004
SKU-0012,27.85753424657534,7.445883843510404,24,266,79.12,0.9,46.76381168202486,715.3446335998331,808.0,True,63928.96000000001
SKU-0317,26.813698630136987,6.76191083981666,18,180,100.82,0.98,58.925887438148855,541.5724627806146,633.0,True,63819.06
SKU-0110,19.964383561643835,6.265757495732933,28,115,80.14,0.9,42.505058983855974,601.5077987098833,788.0,True,63150.32
SKU-0223,29.89041095890411,7.192337275878363,26,521,83.27,0.98,75.32812511446349,852.4788100459702,758.0,True,63118.659999999996
SKU-0071,30.561643835616437,7.548353836567888,22,252,74.44,0.95,58.241089774027955,730.5972541575895,844.0,True,62827.36
SKU-0382,33.032876712328765,7.9489451714773995,23,527,90.35,0.9,48.872149946644264,808.6283143302059,686.0,True,61980.1
SKU-0199,32.723287671232875,8.098136411381796,21,439,91.23,0.9,47.57543420552743,734.7644753014179,664.0,True,60576.72
SKU-0457,25.561643835616437,6.657199484970278,21,377,115.24,0.98,62.66162562263471,599.4561461705798,523.0,True,60270.52
SKU-0018,24.77260273972603,6.55411246357257,28,585,114.69,0.9,44.46117441357991,738.0940511259087,523.0,True,59982.869999999995
SKU-0120,22.676712328767124,6.078210962296616,17,78,101.69,0.98,51.47551133853837,436.97962092757945,578.0,True,58776.82
SKU-0319,19.013698630136986,5.65708043824293,27,126,81.75,0.95,48.35486090950367,561.7247239232023,717.0,True,58614.75
SKU-0486,18.30958904109589,5.805931137131266,19,49,105.36,0.98,51.98153742321797,399.8637292040399,551.0,True,58053.36
SKU-0074,27.671232876712327,7.50248089832193,14,152,116.19,0.9,35.98793615873558,423.38519643270814,484.0,True,56235.96
SKU-0088,24.895890410958906,6.688526307325212,24,86,62.05,0.9,42.0072339617056,639.5086038247193,874.0,True,54231.7
SKU-0291,31.715068493150685,7.7339637569391,19,213,69.84,0.95,55.4555268094336,658.0418281792967,775.0,True,54126.0
SKU-0128,13.383561643835616,5.148429123983218,29,42,90.36,0.9,35.543628621701956,423.6669162929348,594.0,True,53673.84
SKU-0465,29.30958904109589,7.2437954576897425,25,361,64.72,0.9,46.432728883791256,779.1724549111885,808.0,True,52293.76
SKU-0268,20.208219178082192,6.277943104405989,26,37,63.13,0.9,41.038556333866175,566.4522549640031,813.0,True,51324.69
SKU-0396,30.882191780821916,7.690784810867811,26,441,57.2,0.98,80.54855858949064,883.4855448908605,885.0,True,50622.0
SKU-0343,30.791780821917808,7.48151115635058,17,292,85.36,0.98,63.35986275353172,586.8201367261345,589.0,True,50277.04
SKU-0015,21.512328767123286,6.623135134699754,21,69,74.97,0.9,38.91000519481982,490.6689093044088,668.0,True,50079.96
SKU-0046,26.32054794520548,6.563195727728195,23,480,101.95,0.9,40.352207596758525,645.7248103364846,489.0,True,49853.55
SKU-0472,31.863013698630137,8.028991199638831,18,345,82.43,0.95,56.03548519748158,629.569731772824,600.0,True,49458.00000000001
SKU-0076,27.767123287671232,7.152039108190617,22,252,63.84,0.98,68.90355989104981,679.7802722198169,768.0,True,49029.12
SKU-0059,25.616438356164384,6.3903045916723675,15,220,116.58,0.95,40.712998663917084,424.9595740063828,418.0,True,48730.44
SKU-0105,25.55068493150685,6.890890692035395,22,510,112.02,0.98,66.38762628654852,628.5026947796993,433.0,True,48504.659999999996
SKU-0265,30.03835616438356,7.353974595096585,29,334,46.11,0.9,50.770232163420594,921.8825609305438,1049.0,True,48369.39
SKU-0020,30.4027397260274,7.926135177178497,24,438,61.72,0.95,63.87530662599435,793.5410600506519,753.0,True,46475.159999999996
SKU-0332,28.624657534246577,8.065592720940431,21,520,93.24,0.98,75.918282551882,677.0360907710601,496.0,True,46247.04
SKU-0328,17.28767123287671,5.65656152121265,16,74,111.35,0.98,46.47430945828313,323.0770491843105,411.0,True,45764.85
SKU-0469,11.591780821917808,4.358954199125145,23,37,106.7,0.98,42.93847965135083,309.54943855546037,428.0,True,45667.6
SKU-0109,26.438356164383563,7.257028236740056,15,48,75.71,0.9,36.032340063937255,432.6076825296907,601.0,True,45501.71
SKU-0157,22.34794520547945,6.739014454737808,27,321,67.46,0.95,57.60287663987924,660.9973971878244,671.0,True,45265.659999999996
SKU-0321,24.156164383561645,7.05513970355231,28,407,62.37,0.98,76.68052415467456,753.0531268944006,723.0,True,45093.509999999995
SKU-0443,22.67945205479452,6.4064476215374295,19,63,67.12,0.98,57.35806865828221,488.2676576993781,670.0,True,44970.4
SKU-0422,20.95068493150685,6.3702416692920165,25,271,73.1,0.98,65.422381943629,589.1895052313002,613.0,True,44810.299999999996
SKU-0165,27.975342465753425,7.189884928199244,17,258,87.19,0.9,38.004447703592476,513.5852696214007,513.0,True,44728.47
SKU-0213,16.24109589041096,5.583232245949321,23,32,74.4,0.95,44.046916785679215,417.5921222651313,595.0,True,44268.0
SKU-0494,29.167123287671235,7.429671261465052,20,95,51.09,0.9,42.59637297721238,625.938838730637,844.0,True,43119.96000000001
SKU-0253,19.427397260273974,6.062704857170381,18,232,115.9,0.98,52.83273803030898,402.5258887152405,372.0,True,43114.8
SKU-0474,25.41917808219178,6.9117008914380165,16,208,92.43,0.9,35.443202171294146,442.15005148636266,456.0,True,42148.08
SKU-0062,31.13150684931507,7.96656606832389,15,309,85.74,0.98,63.37489181444934,530.3474945541753,487.0,True,41755.38
SKU-0054,23.09041095890411,6.707797749994005,16,271,118.94,0.95,44.13730919496055,413.5838845374263,350.0,True,41629.0
SKU-0310,24.572602739726026,6.749710215065163,15,117,84.37,0.9,33.51342255649138,402.10246365238174,487.0,True,41088.19
SKU-0145,33.31506849315068,8.20157568673823,27,407,37.8,0.98,87.53457316754478,987.0414224826131,1074.0,True,40597.2
SKU-0001,24.767123287671232,6.691228775491621,26,333,55.95,0.95,56.12527152815907,700.0704770076111,718.0,True,40172.1
SKU-0266,30.794520547945204,7.318047283734011,10,76,93.04,0.9,29.667656119884995,337.61286159933707,431.0,True,40100.240000000005
SKU-0471,27.53698630136986,6.870215754912111,27,446,51.35,0.98,73.32510564373547,816.8237357807217,780.0,True,40053.0
SKU-0362,15.479452054794521,5.274106322508963,27,152,74.78,0.9,35.1332873626968,453.0784928421489,528.0,True,39483.840000000004
SKU-0394,34.057534246575344,7.5918897915244745,21,397,53.09,0.9,44.60130515517682,759.8095243332591,743.0,True,39445.87
SKU-0058,22.720547945205478,6.726096440380912,22,117,55.29,0.95,51.89677048726031,551.7488252817809,711.0,True,39311.19
SKU-0453,25.493150684931507,6.90222787665675,21,317,67.03,0.98,64.96798242949289,600.3241468130545,584.0,True,39145.520000000004
SKU-0004,21.413698630136988,6.558806575905063,24,178,57.81,0.95,52.85624983318264,566.7850169564704,673.0,True,38906.130000000005
SKU-0185,31.583561643835615,8.03951459804329,24,173,36.95,0.9,50.49210470902787,808.4975841610826,1040.0,True,38428.0
SKU-0141,19.34794520547945,6.19171969199528,23,395,110.87,0.95,48.84736117352675,493.8501008995541,346.0,True,38361.020000000004
SKU-0462,21.39178082191781,6.636763937057322,16,158,85.02,0.98,54.52765250686295,396.79614565754787,438.0,True,37238.759999999995
SKU-0269,28.92054794520548,7.666233922603338,8,25,101.27,0.9,27.798098251258736,259.16248181290257,364.0,True,36862.28
SKU-0400,22.01095890410959,6.572494333986489,24,479,87.54,0.98,66.13574962760669,594.3987633262368,413.0,True,36154.020000000004
SKU-0270,16.265753424657536,5.743420009068815,29,361,80.56,0.98,63.52870682935222,535.2355561444208,442.0,True,35607.520000000004
SKU-0202,22.517808219178082,6.9173166696468416,16,42,60.47,0.98,56.83267375781845,417.11760526466776,584.0,True,35314.479999999996
SKU-0470,30.389041095890413,7.87902281070459,7,28,102.82,0.9,26.7244885819644,239.4477762531973,332.0,True,34136.24
SKU-0446,26.334246575342465,7.4419404590588085,19,316,61.36,0.98,66.6290207956318,566.9797057271387,535.0,True,32827.6
SKU-0227,18.495890410958904,5.816149323649645,25,167,51.99,0.98,59.73185355388185,522.1291138278544,617.0,True,32077.83
SKU-0238,33.38904109589041,7.952944745308669,14,244,58.08,0.98,61.12127740623438,528.5678527487001,549.0,True,31885.92
SKU-0203,22.69041095890411,6.638221088985605,26,322,48.82,0.95,55.680649038321825,645.6313339698287,647.0,True,31586.54
SKU-0159,26.78904109589041,6.997400648542187,19,529,106.99,0.9,39.102233661499476,548.0940144834173,294.0,True,31455.059999999998
SKU-0370,24.106849315068494,6.517270563308197,10,122,103.38,0.98,42.331746847056614,283.40023999774155,304.0,True,31427.519999999997
SKU-0093,29.07945205479452,6.990711240995099,19,163,41.09,0.98,62.58908509346335,615.0986741345592,760.0,True,31228.4
SKU-0169,32.66575342465753,8.244082446130315,20,160,34.98,0.9,47.26561894489659,700.5806874380472,891.0,True,31167.179999999997
SKU-0389,26.632876712328766,7.469499424114465,24,138,34.07,0.95,60.19536071397675,699.3844018098671,912.0,True,31071.84
SKU-0187,18.326027397260273,5.859669087280792,22,379,95.39,0.98,56.45271981731792,459.62532255704394,311.0,True,29666.29
SKU-0086,15.068493150684931,5.019546319204537,26,176,60.08,0.98,52.57164655208789,444.3524684698961,491.0,True,29499.28
SKU-0435,13.454794520547946,5.15168384656075,24,201,80.9,0.98,51.8388386087923,374.75390710194296,362.0,True,29285.800000000003
SKU-0488,28.172602739726027,8.103744560352522,7,29,90.91,0.95,35.26961064791521,232.47782982599742,320.0,True,29091.199999999997
SKU-0250,14.654794520547945,5.242604448169815,20,39,65.07,0.9,30.05731028834223,323.1532006993011,446.0,True,29021.219999999998
SKU-0107,33.79178082191781,8.262548788315964,15,254,48.17,0.95,52.641174290445235,559.5178866192124,586.0,True,28227.620000000003
SKU-0241,24.183561643835617,6.545005093615115,9,130,119.85,0.9,25.172089590043733,242.82414438456428,235.0,True,28164.75
SKU-0051,20.82191780821918,6.170522057796526,14,148,77.42,0.98,47.42270976525334,338.92955908032184,361.0,True,27948.62
SKU-0257,34.104109589041094,8.594664175850596,19,444,45.98,0.9,48.02791546833102,696.0059976601118,601.0,True,27633.98
SKU-0346,21.301369863013697,6.021219190155963,19,436,107.86,0.98,53.90904977580239,458.6350771730626,252.0,True,27180.72
SKU-0226,23.923287671232877,6.606243312199826,15,339,109.14,0.9,32.801085761962675,391.65040083045585,249.0,True,27175.86
SKU-0285,24.19178082191781,6.606393702620727,21,521,90.37,0.9,38.81165159098788,546.8390488512619,300.0,True,27111.0
SKU-0180,33.30684931506849,8.572514357442056,22,409,35.22,0.9,51.54749756051424,784.298182492021,768.0,True,27048.96
SKU-0434,10.747945205479452,4.330701463022415,23,108,81.99,0.98,42.66017217693747,289.86291190296487,327.0,True,26810.73
SKU-0489,24.41917808219178,7.127347454711158,20,332,53.04,0.98,65.4701548400404,553.853716483876,499.0,True,26466.96
SKU-0024,23.816438356164383,6.789354419507764,10,52,70.54,0.98,44.099018101169555,282.2634016628134,372.0,True,26240.88
SKU-0463,30.26027397260274,7.5865471544656256,19,335,41.42,0.98,67.92371034178642,642.8689158212385,630.0,True,26094.600000000002
SKU-0129,22.284931506849315,6.73606969635016,20,40,37.86,0.9,38.6197621790401,484.3183923160264,687.0,True,26009.82
SKU-0112,31.887671232876713,8.059257614582664,8,218,110.61,0.98,46.82097691829553,301.9223467813092,235.0,True,25993.35
SKU-0366,22.345205479452055,6.556706178064129,14,111,63.42,0.9,31.4512394694049,344.2841161817337,406.0,True,25748.52
SKU-0329,20.08219178082192,6.1798890078974935,21,303,66.57,0.9,36.305995349678476,458.03202274693876,385.0,True,25629.449999999997
SKU-0344,27.767123287671232,7.285995425414018,22,58,27.52,0.9,43.811513840323784,654.6882261690909,925.0,True,25456.0
SKU-0025,8.301369863013699,3.8204371316070356,28,32,66.8,0.98,41.52336226653386,273.9617184309174,379.0,True,25317.2
SKU-0104,23.38082191780822,6.702071549816436,7,46,106.77,0.9,22.73244270409223,186.39819612874976,234.0,True,24984.18
SKU-0072,23.96712328767123,6.444949781868152,10,152,96.33,0.95,33.526285577998856,273.19751845471114,258.0,True,24853.14
SKU-0044,26.53150684931507,7.298744373278454,26,327,30.64,0.95,61.22104377379905,751.0402218559908,800.0,True,24512.0
SKU-0369,9.558904109589042,4.448108488492061,25,154,93.74,0.95,36.585692317847204,275.5582950575733,260.0,True,24372.399999999998
SKU-0275,27.504109589041096,7.404936695238157,12,184,67.42,0.9,32.88516295877011,362.93447802726325,361.0,True,24338.62
SKU-0248,12.408219178082192,5.066637087891774,29,290,70.53,0.98,56.04272396223126,415.8810801266148,334.0,True,23557.02
SKU-0138,20.506849315068493,6.2465887122827715,18,314,79.08,0.9,33.97560428868447,403.09889195991735,291.0,True,23012.28
SKU-0381,34.273972602739725,8.083799213520958,12,190,46.96,0.9,35.899976651193306,447.18764788407003,481.0,True,22587.760000000002
SKU-0207,11.0,4.528299295043837,23,261,118.73,0.98,44.606636879664954,297.60663687966496,186.0,True,22083.780000000002
SKU-0194,25.605479452054794,7.024914265852011,16,140,40.13,0.95,46.22393586930624,455.9116071021829,544.0,True,21830.72
SKU-0324,31.6,8.319116077306063,21,194,24.45,0.9,48.87365925668405,712.4736592566841,875.0,True,21393.75
SKU-0264,32.02739726027397,7.485099856079875,15,327,46.94,0.9,37.164753205914614,517.5757121100241,450.0,True,21123.0
SKU-0403,19.7013698630137,6.086024640150407,26,152,30.38,0.9,39.78399626922746,552.0196127075836,677.0,True,20567.26
SKU-0452,29.09315068493151,7.134660960685867,22,332,27.8,0.98,68.73613683738981,708.7854519058831,732.0,True,20349.600000000002
SKU-0225,31.03835616438356,7.256195347201895,16,116,28.99,0.95,47.745765384588466,544.3594640147254,701.0,True,20321.989999999998
SKU-0193,20.923287671232877,6.154568582463656,25,284,34.04,0.98,63.20741934190174,586.2896111227237,596.0,True,20287.84
SKU-0117,27.56986301369863,7.15592978061826,10,113,56.71,0.95,37.22476567250661,312.92339580949294,357.0,True,20245.47
SKU-0404,21.416438356164385,6.440066328292783,29,107,22.68,0.9,44.46080937691327,665.5375217056804,892.0,True,20230.56
SKU-0031,20.80821917808219,6.189004638337854,13,192,75.08,0.95,36.70780251872108,307.2146518337895,269.0,True,20196.52
SKU-0300,33.72054794520548,8.231789073298877,7,239,109.68,0.98,44.734613869762086,280.77844948620043,183.0,True,20071.440000000002
SKU-0057,15.38082191780822,5.332377197399158,26,118,36.15,0.95,44.727377905652716,444.6287477686664,549.0,True,19846.35
SKU-0228,31.53150684931507,7.4219172886559965,6,145,105.54,0.95,29.905952394722455,219.09499349061286,184.0,True,19419.36
SKU-0438,29.813698630136987,7.769221379455766,28,124,15.36,0.98,84.44169678885434,919.2252584326899,1255.0,True,19276.8
SKU-0272,17.55890410958904,5.416190513160122,26,481,69.34,0.95,45.43039453572061,501.9619013850357,272.0,True,18860.48
SKU-0451,15.802739726027397,5.60459908778662,16,101,52.91,0.98,46.047386105254866,298.8912217216932,348.0,True,18412.68
SKU-0495,26.553424657534247,7.02237558408092,11,234,72.7,0.9,29.85852990506575,321.94620113794247,249.0,True,18102.3
SKU-0183,13.128767123287671,5.018358588860371,15,111,77.04,0.95,31.97225164972297,228.90375849903805,233.0,True,17950.32
SKU-0008,20.145205479452056,5.952029875742233,20,201,39.31,0.9,34.124643693674386,437.0287532827155,455.0,True,17886.05
SKU-0445,26.213698630136985,7.0487571008773235,22,238,24.85,0.95,54.3863342916862,631.0877041547,709.0,True,17618.65
SKU-0258,23.052054794520547,6.668362848099406,24,517,42.05,0.98,67.10042692124185,620.349741989735,414.0,True,17408.699999999997
SKU-0276,23.10958904109589,6.432578576149777,27,563,37.75,0.95,54.98356364821033,678.9424677577994,456.0,True,17214.0
SKU-0011,19.339726027397262,5.9866779695876415,10,150,96.7,0.9,24.270231718370663,217.6674919923433,177.0,True,17115.9
SKU-0439,4.64931506849315,3.2263988059219737,27,89,119.79,0.95,27.57819465395521,153.1097015032703,141.0,True,16890.39
SKU-0500,22.28219178082192,6.431792225099884,12,173,56.43,0.98,45.76390428949866,313.1502056593617,297.0,True,16759.71
SKU-0116,31.671232876712327,7.656166792811908,11,108,33.41,0.98,52.156467327814866,400.5400289716505,493.0,True,16471.129999999997
SKU-0487,10.684931506849315,4.312888658481765,26,278,88.93,0.9,28.19310739668506,306.00132657476723,182.0,True,16185.260000000002
SKU-0149,18.15890410958904,5.3088107258780015,23,302,39.8,0.98,52.295172399777975,469.94996692032595,403.0,True,16039.4
SKU-0298,22.52054794520548,6.383593301205435,29,597,33.86,0.95,56.54967477142972,709.6455651823886,468.0,True,15846.48
SKU-0098,18.10958904109589,5.939626759270317,9,44,66.9,0.9,22.84380451615364,185.83010588601667,235.0,True,15721.500000000002
SKU-0079,32.657534246575345,7.596664931348554,6,187,102.24,0.95,30.610082403209788,226.55528788266184,153.0,True,15642.72
SKU-0006,6.69041095890411,3.5726434784421746,19,54,92.59,0.9,19.96431919506887,147.08212741424697,167.0,True,15462.53
SKU-0395,19.504109589041096,6.467000730593413,17,373,73.85,0.98,54.768117049398334,386.33798006309695,207.0,True,15286.949999999999
SKU-0375,13.09041095890411,4.933073078263078,13,60,62.91,0.95,29.258706843679597,199.43404930943302,240.0,True,15098.4
SKU-0023,19.065753424657533,6.134576370600164,17,151,39.04,0.9,32.42627513352427,356.54408335270233,384.0,True,14991.36
SKU-0035,23.953424657534246,6.4723011302641735,4,30,95.38,0.98,26.588213043125222,122.4019116732622,154.0,True,14688.519999999999
SKU-0224,23.72876712328767,6.93774275789614,11,94,42.6,0.9,29.498678492772022,290.5151168489364,342.0,True,14569.2
SKU-0174,13.967123287671233,5.011417041887995,18,132,49.27,0.9,27.257424841491407,278.6656440195736,286.0,True,14091.220000000001
SKU-0320,21.2,6.526446620827099,24,370,29.33,0.95,52.59546673942973,561.3954667394297,473.0,True,13873.089999999998
SKU-0347,10.964383561643835,4.482118620139785,26,67,31.86,0.98,46.94295876920249,332.01693137194223,432.0,True,13763.52
SKU-0131,6.405479452054794,3.557992489095675,19,24,65.99,0.98,31.855341607589196,153.55945119663028,207.0,True,13659.929999999998
SKU-0374,14.254794520547945,5.16733828159657,25,202,35.17,0.9,33.122638385034016,389.4925013987326,383.0,True,13470.11
SKU-0284,13.063013698630137,4.787102258728773,18,89,40.74,0.98,41.71664719264594,276.8508937679884,327.0,True,13321.980000000001
SKU-0005,30.410958904109588,7.406626852402115,19,311,20.37,0.95,53.10839394771301,630.9166131257952,636.0,True,12955.320000000002
SKU-0430,20.80821917808219,6.37098836124205,19,142,24.71,0.95,45.6824633490754,441.03862773263705,520.0,True,12849.2
SKU-0083,10.583561643835617,4.495022084882311,14,114,90.84,0.9,21.561743377318457,169.7316063910171,141.0,True,12808.44
SKU-0164,19.18082191780822,5.8309673846863985,13,171,46.83,0.98,43.18299178420636,292.5336767157132,268.0,True,12550.439999999999
SKU-0405,18.304109589041097,6.112777968604108,20,175,28.75,0.9,35.04625724533101,401.12844902615296,427.0,True,12276.25
SKU-0345,8.273972602739725,3.8511460901968553,12,25,78.39,0.9,17.102856103495803,116.39052733637251,150.0,True,11758.5
SKU-0092,18.887671232876713,5.891508724974479,29,259,17.52,0.98,65.16673514743643,612.909200900861,661.0,True,11580.72
SKU-0424,16.47945205479452,5.501022854541137,11,212,98.5,0.98,37.47487829703639,218.7488508997761,117.0,True,11524.5
SKU-0485,25.673972602739727,6.933396393449455,8,173,61.95,0.95,32.259447570523,237.65122839244083,184.0,True,11398.800000000001
SKU-0043,17.413698630136988,5.841903269485518,27,308,24.81,0.9,38.91564821815627,509.0855112318549,456.0,True,11313.359999999999
SKU-0094,5.46027397260274,3.3251761799985147,13,33,108.12,0.95,19.722058341859917,90.70561998569553,104.0,True,11244.48
SKU-0198,4.942465753424657,3.237737551563973,26,124,100.82,0.95,27.15777704149617,155.66188663053725,110.0,True,11090.199999999999
SKU-0100,15.221917808219178,4.894778743648168,12,67,43.76,0.95,27.892638015404316,210.55565171403447,249.0,True,10896.24
SKU-0421,28.90684931506849,7.852142018371942,16,115,16.69,0.9,40.26578427021132,502.7753733113072,640.0,True,10681.6
SKU-0294,24.416438356164385,6.802694474618736,25,74,11.43,0.95,55.9521620537391,666.3631209578488,926.0,True,10584.18
SKU-0289,21.715068493150685,6.624207836381756,16,105,21.17,0.98,54.4244915837125,401.86558747412346,498.0,True,10542.660000000002
SKU-0064,16.252054794520546,5.225363691770651,13,214,73.09,0.9,24.153286039689675,235.42999836845678,140.0,True,10232.6
SKU-0475,10.33972602739726,4.576538945091757,28,199,32.75,0.98,49.74124111918309,339.25356988630637,310.0,True,10152.5
SKU-0148,11.728767123287671,4.873157004460756,19,153,43.2,0.95,34.942430220853254,257.789005563319,234.0,True,10108.800000000001
SKU-0032,15.605479452054794,5.28089783853396,27,253,23.32,0.9,35.17852882533403,456.52647403081346,432.0,True,10074.24
SKU-0279,32.88767123287671,7.892894725280614,21,273,11.8,0.95,59.49930048835698,750.140396378768,853.0,True,10065.400000000001
SKU-0184,30.81095890410959,8.165855635131027,10,66,20.8,0.98,53.03983165623112,361.149420697327,476.0,True,9900.800000000001
SKU-0081,17.416438356164385,5.578781763177526,14,201,47.7,0.9,26.760326971529754,270.59046395783116,205.0,True,9778.5
SKU-0376,17.684931506849313,5.738047089789039,11,117,43.81,0.95,31.30591147713352,225.84015805247597,222.0,True,9725.82
SKU-0367,31.46027397260274,7.341114456483725,26,240,8.94,0.95,61.576439248136545,879.5435625358078,1080.0,True,9655.199999999999
SKU-0429,16.616438356164384,5.464244759921258,13,166,46.26,0.95,32.409156121591586,248.42285475172858,207.0,True,9575.82
SKU-0354,32.61917808219178,8.210497460773277,7,38,25.73,0.98,44.61890730141879,272.95315387676123,372.0,True,9571.56
SKU-0097,5.2164383561643834,3.440986541494247,22,48,58.26,0.95,26.549736593364315,141.31138042898075,164.0,True,9554.64
SKU-0052,28.506849315068493,7.222376872143667,26,230,9.0,0.98,75.64274140386496,816.8208235956458,996.0,True,8964.0
SKU-0466,15.254794520547945,5.099370815958691,20,235,30.33,0.98,46.841633444840724,351.9375238557996,293.0,True,8886.689999999999
SKU-0254,12.876712328767123,5.075650787806936,29,251,23.57,0.95,44.963140313094996,418.3877978473416,377.0,True,8885.89
SKU-0356,26.41917808219178,7.544531851682825,28,286,9.36,0.98,81.9996032959331,821.7365895973029,947.0,True,8863.92
SKU-0330,34.42739726027397,8.145201180638173,13,89,13.18,0.95,48.31026213197644,495.8664265155381,655.0,True,8632.9
SKU-0444,12.904109589041095,4.991653427873494,23,62,19.29,0.95,39.37986697938446,336.17438752732966,443.0,True,8545.47
SKU-0101,25.854794520547944,6.925288923553679,17,352,22.92,0.9,36.60584047669623,476.1373473260113,363.0,True,8319.960000000001
SKU-0232,10.263013698630138,4.489533213496315,12,85,56.11,0.98,31.944217272003055,155.1003816555647,148.0,True,8304.28
SKU-0135,30.016438356164382,7.79015675226747,7,132,33.38,0.98,42.33461902321902,252.4496875163697,247.0,True,8244.86
SKU-0118,30.747945205479454,7.7867898418376065,18,585,26.33,0.9,42.352858901245085,595.8158725998753,309.0,True,8135.969999999999
SKU-0491,5.2465753424657535,3.3527945614618786,25,158,87.97,0.98,34.43320014621349,165.59758370785732,91.0,True,8005.2699999999995
SKU-0065,8.698630136986301,4.2240966636447315,24,248,60.19,0.98,42.50498899710286,251.27211228477407,129.0,True,7764.509999999999
SKU-0459,21.70958904109589,6.640124543374761,20,185,13.35,0.98,60.99463857687234,495.18641939879006,558.0,True,7449.3
SKU-0372,11.191780821917808,4.539985762208926,8,52,58.79,0.98,26.3754527708793,115.90969934622177,122.0,True,7172.38
SKU-0175,17.504109589041096,5.538884482153296,25,351,19.96,0.9,35.504249530602635,473.1069892566301,359.0,True,7165.64
SKU-0260,28.794520547945204,7.657429962421084,8,89,21.51,0.98,44.486523284136005,274.84268766769765,324.0,True,6969.240000000001
SKU-0215,26.59178082191781,7.105982493967758,13,23,12.52,0.9,32.84610180151339,378.5392524864449,545.0,True,6823.4
SKU-0134,21.293150684931508,6.256344664610203,3,42,86.3,0.9,13.892145354479727,77.77159740927425,75.0,True,6472.5
SKU-0386,6.06027397260274,3.504578627068342,20,142,81.58,0.95,25.782006180212225,146.98748563226704,79.0,True,6444.82
SKU-0073,6.2465753424657535,3.5879101860604714,12,64,73.55,0.98,25.528930756409626,100.48783486599866,87.0,True,6398.849999999999
SKU-0339,15.35068493150685,5.442787426414928,12,98,28.29,0.95,31.01543653567396,215.22365571375616,225.0,True,6365.25
SKU-0178,11.465753424657533,4.379278729628981,21,222,34.63,0.9,25.727658375364285,266.5084802931725,178.0,True,6164.14
SKU-0249,22.4986301369863,6.475492538241824,18,345,18.08,0.95,45.19339444404604,450.1687369097994,331.0,True,5984.48
SKU-0357,21.994520547945207,6.184433898132744,10,183,28.34,0.98,40.16986676017652,260.1150722396286,208.0,True,5894.72
SKU-0361,28.46027397260274,7.609037782051596,27,533,8.08,0.95,65.03954957383323,833.4669468341071,718.0,True,5801.44
SKU-0441,9.301369863013699,4.28287200647119,29,176,17.87,0.98,47.37339767196673,317.113123699364,300.0,True,5361.0
SKU-0256,30.56986301369863,7.974111355145488,28,120,4.13,0.98,86.66859397162959,942.6247583551911,1294.0,True,5344.22
SKU-0029,29.0986301369863,7.33358399162893,11,174,13.94,0.95,40.010917941159576,360.0958494480089,367.0,True,5115.98
SKU-0409,16.09315068493151,5.62979536174662,20,205,15.19,0.9,32.277183548905974,354.14019724753615,327.0,True,4967.13
SKU-0151,7.4,3.7874866263862828,15,132,66.23,0.95,24.1302954730228,135.1302954730228,71.0,True,4702.33
SKU-0281,17.02191780821918,5.79214717003805,22,328,16.21,0.9,34.82883546977996,409.3110272506019,286.0,True,4636.06
SKU-0406,5.4,3.3926228953259905,28,37,19.41,0.95,29.531159997013845,180.73115999701386,235.0,True,4561.35
SKU-0299,11.257534246575343,4.669221109723634,8,98,57.38,0.98,27.126257064821377,117.18653103742412,78.0,True,4475.64
SKU-0237,30.44109589041096,7.712909038014893,7,188,25.67,0.9,26.16105505369469,239.2487262865714,171.0,True,4389.570000000001
SKU-0220,20.104109589041094,6.463771361035099,7,136,40.6,0.9,21.924163450792634,162.6529305740803,108.0,True,4384.8
SKU-0142,15.271232876712329,5.102291002661374,22,275,15.06,0.95,39.367919783995085,375.33504307166635,289.0,True,4352.34
SKU-0377,11.243835616438357,4.520800106095981,4,45,96.15,0.95,14.87343234905578,59.848774814809204,45.0,True,4326.75
SKU-0082,11.372602739726027,4.479908146194979,21,78,12.4,0.95,33.7710574166079,272.5957149508545,331.0,True,4104.400000000001
SKU-0078,16.136986301369863,5.215981012775643,26,301,10.57,0.9,34.09657065527409,453.65821449089054,380.0,True,4016.6
SKU-0021,30.893150684931506,7.858786794479021,18,529,10.55,0.9,42.744455032446425,598.8211673612136,370.0,True,3903.5000000000005
SKU-0204,1.9452054794520548,1.9364236532342447,16,34,119.28,0.95,12.74166763828133,43.86495530951421,32.0,True,3816.96
SKU-0313,19.224657534246575,6.363006512188499,3,70,97.74,0.9,14.12898682817871,71.80295943091843,38.0,True,3714.12
SKU-0133,19.46301369863014,6.023021467333957,6,66,25.35,0.95,24.269226706391745,141.0473088981726,146.0,True,3701.1000000000004
SKU-0479,18.84931506849315,5.932938491587841,25,38,4.79,0.95,48.79841909330999,520.0312958056388,743.0,True,3558.97
SKU-0114,15.172602739726027,5.00881805589157,24,276,9.51,0.9,31.457840229321857,395.6003059827465,318.0,True,3024.18
SKU-0191,26.435616438356163,7.3237039858432595,6,163,27.37,0.9,22.998231049989283,181.61192968012625,110.0,True,3010.7000000000003
SKU-0410,34.983561643835614,8.38560733380513,10,309,9.58,0.95,43.62148282505637,393.45709926341254,282.0,True,2701.56
SKU-0179,22.383561643835616,6.469348985085941,16,167,5.2,0.9,33.174821595520704,391.31180789689057,420.0,True,2184.0
SKU-0122,13.153424657534247,5.145521956666128,15,107,7.79,0.95,32.782416791197086,230.08378665421077,239.0,True,1861.81
SKU-0417,2.0684931506849313,2.0227332118310035,19,30,38.98,0.9,11.303252544267169,50.604622407280864,46.0,True,1793.08
SKU-0464,19.279452054794522,6.278232036260604,26,509,4.69,0.9,41.040445064935426,542.306198489593,305.0,True,1430.45
SKU-0399,5.832876712328767,3.2928516814908084,7,30,16.95,0.95,14.331349644917927,55.1614866312193,53.0,True,898.3499999999999
SKU-0478,14.095890410958905,5.092453972348179,11,134,5.84,0.9,21.652671151372136,176.7074656719201,132.0,True,770.88
SKU-0358,18.002739726027396,5.783406839491956,11,147,3.52,0.9,24.590542616602736,222.6206796029041,187.0,True,658.24
SKU-0181,20.232876712328768,6.344333259215591,21,539,104.37,0.95,47.82572226375729,472.7161332226614,171.0,False,17847.27
SKU-0360,20.22739726027397,5.91610904472807,24,597,75.67,0.98,59.530870118595566,544.9884043651708,221.0,False,16723.07
SKU-0423,17.816438356164383,5.474893086884025,18,375,95.75,0.95,38.21006685642952,358.90595726738843,164.0,False,15703.0
SKU-0126,22.432876712328767,6.719989346098807,18,522,111.86,0.9,36.55046127789519,440.342242099813,139.0,False,15548.539999999999
SKU-0246,13.912328767123288,5.579887972148287,29,468,62.93,0.98,61.71985795284189,465.1773921994172,230.0,False,14473.9
SKU-0240,12.441095890410958,4.617805827864215,26,385,90.39,0.95,38.73363393320118,362.2021270838861,159.0,False,14372.01
SKU-0212,22.350684931506848,6.0612968566574175,20,592,95.83,0.95,44.590922232829975,491.60462086296695,146.0,False,13991.18
SKU-0414,11.24931506849315,4.638086572828556,24,306,96.18,0.9,29.129464226831995,299.1130258706676,143.0,False,13753.740000000002
SKU-0415,26.095890410958905,7.071775628327574,10,297,84.6,0.9,28.66926098776924,289.6281650973583,138.0,False,11674.8
SKU-0251,32.605479452054794,8.085597873382245,7,280,109.47,0.9,27.425160865378423,255.66351702976198,104.0,False,11384.88
SKU-0243,32.44931506849315,7.711542712913963,13,470,47.22,0.95,45.73817658284254,467.57927247325347,232.0,False,10955.039999999999
SKU-0378,10.821917808219178,4.585399864385098,25,320,68.14,0.98,47.09205660723495,317.6400018127144,157.0,False,10697.98
SKU-0218,32.43835616438356,7.72534415707973,13,519,49.91,0.98,57.212371679777874,478.91100181676416,200.0,False,9982.0
SKU-0119,33.967123287671235,8.271758765547844,8,318,66.35,0.95,38.486529987714604,310.2235162890845,148.0,False,9819.8
SKU-0337,28.23835616438356,7.574223025052673,13,534,105.68,0.95,44.923715408792035,412.0223455457783,85.0,False,8982.800000000001
SKU-0036,5.197260273972603,3.3132257696620475,29,191,95.81,0.98,36.64801603364563,187.3685639788511,91.0,False,8718.710000000001
SKU-0216,26.682191780821917,7.310825603656208,9,335,104.16,0.95,36.07892435404339,276.2186503814406,80.0,False,8332.8
SKU-0312,8.717808219178082,4.23549050267899,26,275,63.49,0.9,27.687160062625864,254.35017376125597,107.0,False,6793.43
SKU-0296,15.452054794520548,5.503348371100326,21,373,41.2,0.9,32.331412443409896,356.82456312834137,163.0,False,6715.6
SKU-0210,28.145205479452056,7.075981683454618,6,201,67.33,0.95,28.512035790908435,197.38326866762077,96.0,False,6463.68
SKU-0497,12.87945205479452,5.088960226062659,23,368,49.44,0.9,31.288230309232052,327.515627569506,124.0,False,6130.5599999999995
SKU-0482,27.687671232876713,7.250690478781157,14,573,98.82,0.9,34.78014667328133,422.4075439335553,61.0,False,6028.0199999999995
SKU-0068,17.898630136986302,5.574975808124838,27,582,27.96,0.95,47.65305756540633,530.9160712640365,215.0,False,6011.400000000001
SKU-0162,29.205479452054796,8.142209423045129,7,238,53.29,0.9,27.617178930171633,232.0555350945552,111.0,False,5915.19
SKU-0099,13.723287671232876,5.033691994509533,14,243,71.24,0.9,24.145637769189854,216.2716651664501,82.0,False,5841.679999999999
SKU-0342,13.93972602739726,4.818312701285603,26,484,50.47,0.9,31.497035563625374,393.92991227595417,107.0,False,5400.29
SKU-0234,23.5972602739726,6.457340413864901,6,210,91.84,0.98,32.488506430751464,174.07206807458707,52.0,False,4775.68
SKU-0070,17.104109589041094,5.85024744372342,17,421,51.79,0.98,49.544920452852196,340.3147834665508,90.0,False,4661.1
SKU-0143,12.38082191780822,4.6857469625792305,26,412,30.42,0.98,49.0756370165885,370.9770068796022,145.0,False,4410.900000000001
SKU-0402,9.43013698630137,4.124927070001547,8,103,96.16,0.95,19.192306482385174,94.63340237279614,39.0,False,3750.24
SKU-0177,21.306849315068494,5.7497331225004595,8,246,90.73,0.9,20.848782840624306,191.30357736117224,41.0,False,3719.9300000000003
SKU-0301,26.71232876712329,6.937474783747446,7,291,104.74,0.95,30.19370029252973,217.18000166239275,35.0,False,3665.8999999999996
SKU-0333,12.043835616438356,4.8184907781894974,13,236,85.04,0.95,28.57910411448025,185.1489671281789,42.0,False,3571.6800000000003
SKU-0084,31.35890410958904,7.652835350745155,11,440,24.8,0.95,41.7527047600988,386.7006499655783,141.0,False,3496.8
SKU-0338,31.561643835616437,7.7501972703887585,13,451,15.42,0.9,35.82386654359177,446.12523640660544,219.0,False,3376.98
SKU-0450,18.791780821917808,5.9170491565525944,10,285,72.24,0.95,30.780174635299876,218.69798285447797,44.0,False,3178.56
SKU-0090,29.731506849315068,7.858936201399826,7,309,69.18,0.9,26.656357752302853,234.77690569750834,44.0,False,3043.92
SKU-0255,16.34246575342466,5.921230145065252,22,479,22.56,0.95,45.68663630747701,405.22088288281947,129.0,False,2910.24
SKU-0168,11.421917808219177,4.695398922049331,23,357,29.18,0.95,37.04267286124856,299.74678245028963,93.0,False,2713.74
SKU-0173,15.547945205479452,5.269237636671418,18,365,27.57,0.9,28.659727907901186,308.5227416065313,98.0,False,2701.86
SKU-0016,32.25205479452055,7.807577848803122,12,455,13.98,0.95,44.491069794800104,431.5157273290467,193.0,False,2698.14
SKU-0196,12.375342465753425,4.8151483956317955,19,347,45.84,0.95,34.5264859439996,269.6579927933147,58.0,False,2658.7200000000003
SKU-0139,15.915068493150685,5.417809237330987,17,342,22.11,0.9,28.637572073042207,299.1937364566038,107.0,False,2365.77
SKU-0308,8.865753424657534,4.19393266550261,22,229,22.57,0.9,25.218591049226834,220.2651663916926,102.0,False,2302.14
SKU-0030,30.602739726027398,7.390853654890308,9,362,23.66,0.9,28.425223156708125,303.8498806909547,94.0,False,2224.04
SKU-0499,28.884931506849316,7.610570859025018,6,274,63.66,0.95,30.666115095965928,203.97570413706183,32.0,False,2037.12
SKU-0392,30.76986301369863,7.43703763788627,8,339,28.17,0.9,26.967022535893015,273.125926645482,71.0,False,2000.0700000000002
SKU-0230,16.484931506849314,5.388012519485357,19,457,32.52,0.9,30.108798265237805,343.32249689537474,58.0,False,1886.16
SKU-0447,13.32054794520548,4.778470458076666,27,574,60.15,0.95,40.84479209424794,400.49958661479593,27.0,False,1624.05
SKU-0236,7.835616438356165,3.860242898716566,25,252,12.75,0.98,39.64469456981913,235.53510552872325,102.0,False,1300.5
SKU-0349,6.109589041095891,3.3934392252851313,10,97,77.74,0.9,13.757138222277094,74.85302863323601,16.0,False,1243.84
SKU-0019,29.843835616438355,7.853063136906797,12,466,8.83,0.95,44.75026530547534,402.8762927027356,139.0,False,1227.3700000000001
SKU-0295,9.616438356164384,4.263408509046284,23,313,16.55,0.95,33.634638780710134,254.81272097249095,70.0,False,1158.5
SKU-0096,13.150684931506849,4.983134282440396,21,455,67.42,0.95,37.564545627993674,313.7289291896375,16.0,False,1078.72
SKU-0380,23.731506849315068,7.092343742102054,7,292,68.57,0.98,38.54244270710062,204.66299065230612,15.0,False,1028.55
SKU-0484,9.96986301369863,4.34395768715311,25,392,15.2,0.98,44.612445447062434,293.8590207895282,49.0,False,744.8
SKU-0458,30.084931506849315,7.880698204147681,6,247,8.41,0.95,31.754569091013614,212.26415813210951,72.0,False,605.52
SKU-0280,15.512328767123288,5.51052801576168,17,455,53.36,0.98,46.66788453316459,310.3774735742605,11.0,False,586.96
SKU-0053,28.15890410958904,7.01074206416341,9,411,12.58,0.98,43.20019259937493,296.6303295856763,34.0,False,427.72
SKU-0158,4.347945205479452,2.936512732810185,17,113,14.43,0.9,15.521881879821578,89.43695037297226,22.0,False,317.46
SKU-0108,12.235616438356164,4.7991920640729635,19,404,27.09,0.98,42.968022869641416,275.4447351984085,10.0,False,270.9
SKU-0235,8.413698630136986,4.129940101090694,18,276,42.15,0.98,35.98988381955148,187.43645916201723,6.0,False,252.89999999999998
SKU-0303,30.720547945205478,7.46005772346252,12,595,10.77,0.95,42.510744724586864,411.1573200670526,22.0,False,236.94
SKU-0160,12.567123287671233,4.601004870967915,23,467,10.45,0.95,36.297984707524925,325.34182032396325,22.0,False,229.89999999999998
SKU-0091,5.279452054794521,3.1707349524190214,24,218,114.01,0.9,19.913774553140456,146.62062386820895,2.0,False,228.02
SKU-0106,20.53150684931507,6.6549344807404,14,478,113.43,0.9,31.922421460216142,319.3635173506271,2.0,False,226.86
SKU-0335,10.76986301369863,4.663002762319897,12,229,14.01,0.98,33.17849903230691,162.41685519669048,15.0,False,210.15
SKU-0007,5.186301369863013,3.156769938938888,16,145,41.23,0.9,16.18791624687862,99.16873816468683,4.0,False,164.92
SKU-0432,28.991780821917807,7.314552584558291,6,304,5.42,0.98,36.80135682040931,210.75204175191612,13.0,False,70.46
SKU-0002,15.813698630136987,5.421601965836268,5,448,90.55,0.9,15.541776435557288,94.61026958624223,0.0,False,0.0
SKU-0003,5.887671232876713,3.3267127789445916,5,146,109.36,0.95,12.236753480729922,41.67510964511349,0.0,False,0.0
SKU-0009,31.057534246575344,8.144942437485383,8,463,83.61,0.9,29.53391618542977,277.9941901580325,0.0,False,0.0
SKU-0010,34.172602739726024,8.693202793018354,6,540,108.29,0.98,43.737693344830426,248.7733097831866,0.0,False,0.0
SKU-0013,12.657534246575343,4.984644492493291,11,367,27.28,0.9,21.194274624476876,160.42715133680565,0.0,False,0.0
SKU-0017,12.2,4.9835994759073206,8,368,80.15,0.9,18.070748854627826,115.67074885462782,0.0,False,0.0
SKU-0022,9.509589041095891,4.084013471995412,5,144,44.59,0.9,11.707392896329358,59.25533810180882,0.0,False,0.0
SKU-0026,9.93972602739726,4.297544012586425,16,385,34.35,0.98,35.30862160741006,194.34423804576622,0.0,False,0.0
SKU-0027,11.693150684931506,4.618296412012737,22,585,30.53,0.9,27.770338211832772,285.01965328032594,0.0,False,0.0
SKU-0028,2.1671232876712327,2.031892340162525,8,105,93.77,0.95,9.453912728594103,26.790899029963967,0.0,False,0.0
SKU-0033,3.652054794520548,2.746031581671769,7,152,44.77,0.98,14.92296041436708,40.48734397601092,0.0,False,0.0
SKU-0034,25.895890410958906,7.0090294659026355,3,397,114.7,0.9,15.563473778057498,93.25114501093421,0.0,False,0.0
SKU-0037,8.852054794520548,4.032836020794261,7,292,112.26,0.9,13.678787684714552,75.64317124635839,0.0,False,0.0
SKU-0038,4.684931506849315,3.107403037168768,7,318,8.77,0.95,13.524228760034367,46.31874930797957,0.0,False,0.0
SKU-0039,3.591780821917808,2.6911410129959727,29,185,108.95,0.9,18.579048954752874,122.74069279036931,-0.0,False,-0.0
SKU-0040,15.545205479452054,5.550592511087954,7,315,117.87,0.95,24.157626795036837,132.97406515120122,0.0,False,0.0
SKU-0041,27.041095890410958,6.9310544132362155,9,574,110.5,0.98,42.70915729436155,286.0790203080602,0.0,False,0.0
SKU-0042,2.5013698630136987,2.0895141892055835,28,384,45.79,0.95,18.18822183935405,88.22657800373761,0.0,False,0.0
SKU-0047,4.487671232876712,2.966476857580435,21,497,91.22,0.95,22.362302309139192,116.60339819955016,0.0,False,0.0
SKU-0048,32.057534246575344,7.9354870954351915,3,270,44.74,0.98,28.2315456731353,124.40414841286133,0.0,False,0.0
SKU-0049,2.1835616438356165,2.103569291314154,3,165,93.92,0.98,7.483726179644622,14.03441111115147,0.0,False,0.0
SKU-0050,24.15068493150685,6.636295539352049,4,379,80.54,0.95,21.83341232446824,118.43615205049564,0.0,False,0.0
SKU-0056,23.30958904109589,6.7713878571506685,4,190,77.65,0.95,22.2778660500257,115.51622221440925,0.0,False,0.0
SKU-0061,5.2904109589041095,3.2357958573817345,6,587,6.44,0.95,13.038350214142831,44.78081596756749,0.0,False,0.0
SKU-0063,4.772602739726027,3.1026955789260064,6,493,56.09,0.95,12.502034537692856,41.13765097604902,0.0,False,0.0
SKU-0066,2.819178082191781,2.4008158831973767,11,231,111.96,0.95,13.098486006854376,44.109444910963965,0.0,False,0.0
SKU-0069,21.994520547945207,6.8476331519168365,9,580,48.2,0.9,26.335997102272152,224.28668203377902,0.0,False,0.0
SKU-0075,13.906849315068493,5.115381050095022,7,311,24.71,0.9,17.350621485691118,114.69856669117057,0.0,False,0.0
SKU-0077,2.115068493150685,2.1503686901407297,16,516,13.6,0.98,17.667429158196235,51.5085250486072,0.0,False,0.0
SKU-0085,13.205479452054794,4.940188700709221,11,572,21.55,0.95,26.952917556210604,172.21319152881333,0.0,False,0.0
SKU-0087,11.128767123287671,4.732094053923685,3,571,94.65,0.98,16.83505093087068,50.22135230073369,0.0,False,0.0
SKU-0089,17.312328767123287,5.84046008098243,5,241,110.24,0.95,21.483150176763804,108.04479401238024,0.0,False,0.0
SKU-0095,20.326027397260273,5.949929064986254,12,482,64.44,0.95,33.90535636413715,277.8176851312604,0.0,False,0.0
SKU-0102,10.726027397260275,4.188092336234928,18,490,24.0,0.98,36.496644725390155,229.5651378760751,0.0,False,0.0
SKU-0103,21.66849315068493,6.338632568074708,9,488,36.05,0.95,31.281151723448684,226.29759007961306,0.0,False,0.0
SKU-0111,7.835616438356165,3.7731472370232932,4,496,119.86,0.9,9.674349515727725,41.01681526915238,0.0,False,0.0
SKU-0113,8.273972602739725,4.292404081799048,4,313,52.69,0.95,14.122009429118867,47.21789984007777,0.0,False,0.0
SKU-0115,7.8712328767123285,3.7894256955656034,21,400,24.23,0.95,28.565967998609402,193.8618584095683,0.0,False,0.0
SKU-0121,12.287671232876713,4.675395769975089,8,406,18.07,0.9,16.953188787272502,115.25455865028621,0.0,False,0.0
SKU-0123,4.4082191780821915,2.953939138734154,14,328,17.42,0.9,14.169469350509438,75.88453784366013,0.0,False,0.0
SKU-0124,5.208219178082191,3.0328672750176446,9,329,17.69,0.95,14.967200002212078,61.841172604951794,0.0,False,0.0
SKU-0125,8.92054794520548,4.066310221787109,26,501,23.89,0.95,34.10775105335748,266.04199762869996,0.0,False,0.0
SKU-0127,22.265753424657536,6.561882502148341,4,558,5.65,0.98,26.956213318825384,116.01922701745553,0.0,False,0.0
SKU-0130,12.424657534246576,4.726351798660642,13,352,73.99,0.95,28.032615678541692,189.5531636237472,0.0,False,0.0
SKU-0136,17.323287671232876,5.83798005645321,16,583,16.78,0.98,47.96484414381957,325.1374468835456,0.0,False,0.0
SKU-0137,26.86849315068493,6.979500531429326,6,304,5.04,0.9,21.917347580624888,183.12830648473448,0.0,False,0.0
SKU-0140,3.5095890410958903,2.6865642701974504,21,386,38.25,0.95,20.25222688980924,93.95359675282293,0.0,False,0.0
SKU-0146,6.50958904109589,3.433519498900528,8,408,20.76,0.95,15.975351180237906,68.05206350900502,0.0,False,0.0
SKU-0150,14.082191780821917,5.369719293667909,10,436,13.26,0.9,21.769056592316165,162.59097440053534,0.0,False,0.0
SKU-0152,23.506849315068493,6.85990758530171,6,288,118.95,0.98,34.51392328967251,175.55501918008346,0.0,False,0.0
SKU-0153,2.7835616438356166,2.4336815652755637,27,275,53.29,0.98,25.97443286252734,101.13059724608898,0.0,False,0.0
SKU-0154,2.9753424657534246,2.486655639560419,17,287,102.87,0.9,13.144017623963062,63.72483954177129,0.0,False,0.0
SKU-0156,2.2356164383561645,2.2260551185758697,5,187,54.68,0.95,8.188169382381064,19.366251574161886,0.0,False,0.0
SKU-0161,34.391780821917806,8.376277226286692,4,317,35.22,0.95,27.557952074483218,165.12507536215443,0.0,False,0.0
SKU-0163,19.457534246575342,5.909712572923129,6,273,12.38,0.95,23.81265864313292,140.557864122585,0.0,False,0.0
SKU-0166,6.095890410958904,3.3280541767438003,6,542,67.68,0.9,10.450908317920357,47.02625078367378,0.0,False,0.0
SKU-0167,12.547945205479452,4.702819752378665,22,537,26.52,0.95,36.285705906162754,312.3405004267107,0.0,False,0.0
SKU-0170,16.126027397260273,5.635007030165672,4,558,62.1,0.95,18.53917312924506,83.04328271828615,0.0,False,0.0
SKU-0172,7.210958904109589,3.5303846583932716,13,566,89.36,0.9,16.318556087989798,110.06102184141446,0.0,False,0.0
SKU-0176,10.172602739726027,4.727789608343597,14,577,45.32,0.9,22.678283744122375,165.09472210028676,0.0,False,0.0
SKU-0182,19.594520547945205,5.808763046886904,8,559,55.37,0.9,21.06282791861503,177.81899230217667,0.0,False,0.0
SKU-0186,2.3095890410958906,2.0164273421706027,7,570,8.49,0.95,8.776017892532623,24.94314118020386,0.0,False,0.0
SKU-0189,26.40821917808219,6.739700188669204,10,524,108.29,0.9,27.323013885548104,291.40520566637,0.0,False,0.0
SKU-0190,22.235616438356164,6.309276483289204,3,408,22.56,0.9,14.009679882768292,80.71652919783679,0.0,False,0.0
SKU-0197,5.8054794520547945,3.4953615422017497,26,460,84.54,0.98,36.6082709238774,187.55073667730207,0.0,False,0.0
SKU-0200,25.676712328767124,6.961403020847614,11,569,64.14,0.98,47.423495208264626,329.867330824703,0.0,False,0.0
SKU-0201,11.07945205479452,4.80747354612934,12,268,92.77,0.9,21.34988555487646,154.3033102124107,0.0,False,0.0
SKU-0205,7.876712328767123,3.7823520412200127,9,226,35.84,0.9,14.546925950532168,85.43733690943628,0.0,False,0.0
SKU-0206,25.265753424657536,7.219331100070155,11,595,115.19,0.95,39.38757155637467,317.3108592276076,0.0,False,0.0
SKU-0209,13.12054794520548,4.816037736474972,13,548,5.27,0.98,35.666623441045296,206.23374672871654,0.0,False,0.0
SKU-0211,12.657534246575343,4.844899827954893,4,576,24.86,0.98,19.9028484932387,70.53298547954007,0.0,False,0.0
SKU-0217,30.93972602739726,8.008010064894895,8,571,39.25,0.98,46.52324970124906,294.04105792042714,0.0,False,0.0
SKU-0219,2.4136986301369863,2.2535268493131038,7,279,29.04,0.9,7.643632211826612,24.53952262278552,0.0,False,0.0
SKU-0221,11.53972602739726,4.564758088688739,3,184,27.19,0.98,16.239731086168764,50.85890916836054,0.0,False,0.0
SKU-0222,6.726027397260274,3.630079896392417,27,468,21.2,0.95,31.02872769738457,212.63146742341195,0.0,False,0.0
SKU-0229,6.282191780821917,3.328999390378595,8,323,13.09,0.9,12.071096847081268,62.32863109365661,0.0,False,0.0
SKU-0231,5.578082191780822,3.369638459074551,7,180,32.51,0.95,14.665545735147214,53.71212107761296,0.0,False,0.0
SKU-0233,33.21369863013699,8.241101012482346,6,507,15.67,0.95,33.20677999687411,232.48897177769604,0.0,False,0.0
SKU-0239,21.383561643835616,6.475291450410206,14,594,9.31,0.95,39.85558983301876,339.2254528467174,0.0,False,0.0
SKU-0242,8.216438356164383,4.195726950420011,22,408,66.57,0.98,40.42211163018879,221.18375546580523,0.0,False,0.0
SKU-0244,10.7013698630137,4.677644199934106,5,152,52.89,0.98,21.48387545312351,74.990724768192,0.0,False,0.0
SKU-0245,6.4,3.4860790657624587,13,539,30.85,0.95,20.676394572071796,103.8763945720718,0.0,False,0.0
SKU-0247,13.572602739726028,5.054463272827899,15,537,63.59,0.95,32.20227667107276,235.79131776696318,0.0,False,0.0
SKU-0252,15.635616438356164,5.326312711925915,6,538,88.6,0.98,26.79802112059114,120.61171975072813,0.0,False,0.0
SKU-0259,3.441095890410959,2.5656134592136928,27,255,98.87,0.9,17.09075043471577,110.00033947581167,0.0,False,0.0
SKU-0261,7.531506849315068,3.799540049966459,21,286,10.93,0.95,28.64221341080459,186.80385724642105,0.0,False,0.0
SKU-0262,3.7150684931506848,2.803239454203564,12,515,5.6,0.98,19.945790783178804,64.52661270098702,0.0,False,0.0
SKU-0263,5.682191780821918,3.505542803580418,14,446,32.83,0.9,16.815404441107532,96.36608937261438,0.0,False,0.0
SKU-0271,16.312328767123287,5.32833874089937,7,436,38.35,0.98,28.956181216376173,143.14248258623917,0.0,False,0.0
SKU-0273,10.013698630136986,4.379313103738421,14,263,22.22,0.9,21.006709984653636,161.19849080657144,0.0,False,0.0
SKU-0274,10.838356164383562,4.551736479925935,21,438,80.16,0.95,34.31252360372777,261.91800305578255,0.0,False,0.0
SKU-0277,23.56986301369863,6.96645583129004,4,406,57.99,0.9,17.861992751427664,112.14144480622218,0.0,False,0.0
SKU-0278,4.076712328767123,2.8312677502509924,7,544,82.86,0.95,12.322415945821398,40.85940224719126,0.0,False,0.0
SKU-0282,28.293150684931508,7.305656561402662,10,548,3.14,0.95,38.00363641334227,320.9351432626574,0.0,False,0.0
SKU-0283,12.904109589041095,5.166896914417879,12,402,74.06,0.9,22.946076923394095,177.79539199188721,0.0,False,0.0
SKU-0286,10.753424657534246,4.425763800466785,14,530,61.0,0.95,27.24069303753921,177.78863824301865,0.0,False,0.0
SKU-0287,26.49041095890411,7.491976741153799,8,429,47.73,0.9,27.16623411825342,239.0895217894863,0.0,False,0.0
SKU-0288,10.178082191780822,4.35177892687471,12,510,116.49,0.95,24.798382253313513,146.93536855468338,0.0,False,0.0
SKU-0290,22.476712328767125,6.757789980848742,4,357,38.5,0.95,22.23312903699236,112.13997835206087,0.0,False,0.0
SKU-0292,6.69041095890411,3.8172599769661626,7,188,107.81,0.95,16.61371136846515,63.446588080793916,0.0,False,0.0
SKU-0293,8.953424657534246,4.095765777657982,15,454,25.35,0.98,32.58225825660038,166.88362811961406,0.0,False,0.0
SKU-0297,22.323287671232876,6.8516164882590145,7,525,111.62,0.95,29.820022589559425,186.08303628818953,0.0,False,0.0
SKU-0302,12.736986301369862,5.181526432181374,5,447,108.01,0.98,23.798147906935768,87.48307941378508,0.0,False,0.0
SKU-0304,3.863013698630137,2.661875054309816,3,227,38.62,0.9,5.91066463762983,17.49970573352024,0.0,False,0.0
SKU-0305,7.427397260273972,3.866354597998609,14,281,39.93,0.95,23.79751462724922,127.78107627108483,0.0,False,0.0
SKU-0306,14.435616438356165,5.433346616669316,7,326,119.91,0.98,29.526833201506545,130.5761482699997,0.0,False,0.0
SKU-0307,24.24109589041096,6.692784281081192,8,583,60.19,0.95,31.139936528126782,225.06870365141447,0.0,False,0.0
SKU-0309,6.958904109589041,3.518547231443773,5,469,36.9,0.95,12.942384252102979,47.73690480004818,0.0,False,0.0
SKU-0311,7.054794520547945,3.641527917755686,17,341,103.81,0.9,19.248466240221145,139.17997308953622,0.0,False,0.0
SKU-0314,16.964383561643835,5.165007203568625,19,585,63.86,0.9,28.862620375945554,351.18590804717843,0.0,False,0.0
SKU-0315,25.594520547945205,7.408783961165994,6,318,67.71,0.9,23.265403089435704,176.83252637710692,0.0,False,0.0
SKU-0316,20.5013698630137,6.330904774293886,17,590,107.65,0.9,33.46403201356055,381.9873196847934,0.0,False,0.0
SKU-0318,16.78904109589041,5.577810276853293,9,480,63.94,0.98,34.370466925969986,185.4718367889837,0.0,False,0.0
SKU-0322,15.706849315068494,5.704642623643961,21,589,118.08,0.9,33.51398840673655,363.3578240231749,0.0,False,0.0
SKU-0323,10.493150684931507,4.339073962046602,7,385,63.32,0.95,18.88478197630074,92.3368367708213,0.0,False,0.0
SKU-0325,14.906849315068493,4.975995365861775,9,414,6.4,0.9,19.137678177104387,153.29932201272084,0.0,False,0.0
SKU-0326,26.28219178082192,6.792031175619823,10,588,69.94,0.95,35.33178450654992,298.1537023147691,0.0,False,0.0
SKU-0327,2.9424657534246577,2.3776614820316904,19,139,97.48,0.98,21.28762749484534,77.19447680991384,0.0,False,0.0
SKU-0331,5.394520547945206,3.2366331378370266,15,304,63.31,0.98,25.747765498245514,106.6655737174236,0.0,False,0.0
SKU-0334,5.726027397260274,3.3897886169168725,23,422,78.46,0.9,20.84128824637475,152.53991838336106,0.0,False,0.0
SKU-0336,15.87945205479452,5.272960230178214,9,369,8.72,0.98,32.49198093835815,175.40704943150882,0.0,False,0.0
SKU-0341,19.70958904109589,6.128929875929027,4,366,29.61,0.9,15.714576201882027,94.55293236626558,0.0,False,0.0
SKU-0348,3.073972602739726,2.5381716291511,14,115,49.1,0.95,15.622513388311315,58.658129826667476,0.0,False,0.0
SKU-0350,17.556164383561644,5.67433460061327,5,548,15.34,0.9,16.266269700172604,104.04709161798083,0.0,False,0.0
SKU-0351,3.863013698630137,2.8163331924526847,4,58,17.18,0.98,11.569496754595628,27.021551549116175,0.0,False,0.0
SKU-0352,15.657534246575343,4.90183632915894,7,526,81.39,0.98,26.638407943295412,136.24114766932283,0.0,False,0.0
SKU-0353,10.953424657534246,4.533819260364717,22,527,12.61,0.98,43.67933147680565,284.65467394255904,0.0,False,0.0
SKU-0355,14.605479452054794,5.281418037471296,3,508,56.9,0.9,11.727331371199892,55.54376972736428,0.0,False,0.0
SKU-0359,12.572602739726028,4.828750329598419,3,197,90.18,0.95,13.758189293543902,51.47599751272198,0.0,False,0.0
SKU-0363,9.10958904109589,4.370736993187286,20,400,16.49,0.95,32.15404194389597,214.34582276581378,0.0,False,0.0
SKU-0364,11.915068493150685,4.762019818972283,10,533,75.94,0.98,30.930834541734257,150.0815194732411,0.0,False,0.0
SKU-0365,9.32876712328767,4.2376348710117835,28,448,76.95,0.9,28.746870632491852,289.9523500845466,0.0,False,0.0
SKU-0368,12.36986301369863,5.21859220973558,7,593,22.3,0.95,22.712674862447862,109.30171595833826,0.0,False,0.0
SKU-0371,3.3808219178082193,2.5848596330546108,6,314,15.5,0.9,8.117094736173398,28.40202624302271,0.0,False,0.0
SKU-0373,11.96986301369863,4.524253472859109,12,365,107.45,0.95,25.781219339516205,169.41957550389978,0.0,False,0.0
SKU-0379,5.778082191780822,3.5203586299318768,27,375,34.68,0.95,30.090866439014007,186.0990856170962,0.0,False,0.0
SKU-0383,11.917808219178083,4.844713400207698,3,468,107.5,0.9,10.757633468819504,46.51105812635375,0.0,False,0.0
SKU-0384,2.723287671232877,2.379544267242189,27,493,76.8,0.95,20.339560896581652,93.86832801986932,0.0,False,0.0
SKU-0385,7.605479452054794,3.7786230125725098,23,346,36.63,0.9,23.231941657481766,198.15796905474204,0.0,False,0.0
SKU-0387,4.457534246575342,3.061005984904416,6,160,115.52,0.95,12.334050044512015,39.079255523964065,0.0,False,0.0
SKU-0388,32.013698630136986,8.0053092799197,3,453,39.62,0.95,22.80891595313823,118.85001184354918,0.0,False,0.0
SKU-0390,2.819178082191781,2.3098366774387675,13,422,29.12,0.95,13.69994588155494,50.34926095004809,0.0,False,0.0
SKU-0391,19.578082191780823,6.21037430910247,7,414,80.46,0.98,33.749491663426944,170.7960670058927,0.0,False,0.0
SKU-0393,11.98904109589041,4.780327177519407,10,373,113.94,0.95,24.867007429704056,144.75741838860816,0.0,False,0.0
SKU-0397,9.32876712328767,4.268639779104267,6,282,112.85,0.95,17.20010248823829,73.17270522796431,0.0,False,0.0
SKU-0398,22.783561643835615,6.7371981511749395,4,377,60.4,0.98,27.67641000502665,118.81065658036911,0.0,False,0.0
SKU-0401,29.613698630136987,7.69696163595806,4,507,13.02,0.98,31.61911840051571,150.07391292106365,0.0,False,0.0
SKU-0407,11.857534246575343,4.945469616480596,5,214,46.4,0.98,22.713966423348815,82.00163765622553,0.0,False,0.0
SKU-0408,8.558904109589042,4.276816997591744,20,495,113.84,0.9,24.520182061026503,195.69826425280735,0.0,False,0.0
SKU-0411,12.093150684931507,4.5503389792555895,25,537,16.09,0.95,37.42653810437722,339.7553052276649,0.0,False,0.0
SKU-0412,8.427397260273972,4.3574257785906765,5,110,64.25,0.9,12.491167317729214,54.62815361909907,0.0,False,0.0
SKU-0413,12.997260273972604,4.664866716667169,5,124,63.81,0.9,13.372489546257261,78.35879091612027,0.0,False,0.0
SKU-0416,4.852054794520548,3.2344348143714203,7,134,56.48,0.95,14.077104197862253,48.04148775950609,0.0,False,0.0
SKU-0418,20.095890410958905,6.550657176078348,5,246,68.76,0.98,30.08640608213842,130.56585813693295,0.0,False,0.0
SKU-0419,24.934246575342467,6.922733277971542,4,529,92.11,0.9,17.749888124719032,117.4868744260889,0.0,False,0.0
SKU-0420,4.997260273972603,3.393188579642519,10,192,13.39,0.95,17.65118630732361,67.62378904704964,0.0,False,0.0
SKU-0425,29.10958904109589,8.155699220526937,4,259,100.05,0.9,20.911212801431066,137.34956896581463,0.0,False,0.0
SKU-0426,5.578082191780822,3.378594812242787,16,432,71.29,0.95,22.231153864557538,111.48046893305069,0.0,False,0.0
SKU-0427,5.019178082191781,3.1312259972209198,20,535,84.59,0.95,23.03537646108479,123.4189381049204,0.0,False,0.0
SKU-0428,2.265753424657534,2.0723333969861937,6,180,119.93,0.98,10.426431406664815,24.02095195461002,0.0,False,0.0
SKU-0431,24.523287671232875,6.987636659457923,9,389,25.83,0.9,26.874450592275174,247.58403963337105,0.0,False,0.0
SKU-0433,3.9178082191780823,2.9997867353571257,17,194,5.27,0.98,25.404770756875426,92.00751048290282,0.0,False,0.0
SKU-0436,3.010958904109589,2.5027216857290746,11,241,39.16,0.9,10.641354823971351,43.76190276917683,0.0,False,0.0
SKU-0437,29.55068493150685,7.396597140229744,10,597,16.75,0.95,38.47670446190377,333.98355377697226,0.0,False,0.0
SKU-0440,2.0273972602739727,1.9763199980286232,28,242,6.74,0.9,13.406774543124014,70.17389783079526,0.0,False,0.0
SKU-0442,16.627397260273973,5.557226269599874,13,469,76.39,0.9,25.687259986957997,241.84342437051964,0.0,False,0.0
SKU-0448,30.583561643835615,7.593863443934073,5,285,60.3,0.9,21.768866226528658,174.68667444570673,0.0,False,0.0
SKU-0449,18.326027397260273,5.885865621990232,11,576,64.52,0.9,25.02618844394875,226.61248981381175,0.0,False,0.0
SKU-0454,7.468493150684932,3.8089280857910253,6,113,77.12,0.9,11.960970615298455,56.77192951940805,0.0,False,0.0
SKU-0455,18.972602739726028,5.461585635846492,4,474,58.82,0.9,14.003505570310406,89.89391652921452,0.0,False,0.0
SKU-0456,4.449315068493151,3.0165807042021315,23,232,39.64,0.9,18.546710452969375,120.88095702831185,0.0,False,0.0
SKU-0460,3.0246575342465754,2.4899678283546467,13,184,119.17,0.9,11.509419962975922,50.8299679081814,0.0,False,0.0
SKU-0461,10.534246575342467,4.482818824061846,15,567,117.15,0.98,35.661306962394754,193.67500559253173,0.0,False,0.0
SKU-0467,30.610958904109587,7.556882490754745,4,471,89.0,0.95,24.86214339458311,147.30597901102146,0.0,False,0.0
SKU-0468,17.956164383561642,5.923342405063978,6,542,28.93,0.95,23.867578833603826,131.60456513497368,0.0,False,0.0
SKU-0473,9.391780821917807,4.272636980251869,15,440,42.77,0.98,33.98928773873177,174.86600006749887,0.0,False,0.0
SKU-0477,29.136986301369863,7.679920780864952,11,565,71.24,0.95,41.90047874389189,362.4073280589604,0.0,False,0.0
SKU-0480,2.5643835616438357,2.1887179411935795,11,428,75.76,0.95,11.941311920801834,40.149531098884026,0.0,False,0.0
SKU-0481,8.271232876712329,4.139778868518806,21,331,29.91,0.98,38.9661259521019,212.6620163630608,0.0,False,0.0
SKU-0483,2.8438356164383563,2.4236124557241356,5,399,68.9,0.9,6.947622343110618,21.166800425302398,0.0,False,0.0
SKU-0490,20.336986301369862,6.014531552312935,7,470,110.39,0.98,32.68520903590104,175.0441131454901,0.0,False,0.0
SKU-0492,13.479452054794521,4.888058978577499,3,494,81.82,0.98,17.389916793648545,57.82827295803211,0.0,False,0.0
SKU-0493,12.961643835616439,4.945156086409435,23,507,113.04,0.9,30.404085642931086,328.52189386210915,0.0,False,0.0
SKU-0496,5.663013698630137,2.97865607138019,10,317,107.31,0.98,19.347319331500895,75.97745631780226,0.0,False,0.0
